{"Building goto TIME": [0.06, 0.0], "Analysis TIME": [1.8, 0.0], "Enumerate DS TIME": [458.77, 0.75], "Get transform only TIME": [0.06, 0.0], "Dump transform only TIME": [0.04, 0.0], "Transform TIME": [0.23, 0.0], "Dump instrumented.c TIME": [0.14, 0.0], "Do alignment TIME": [0.0, 0.25], "Combine instrumented.c TIME": [0.0, 0.0], "Compile transform_only TIME": [0.22, 0.0], "Compile mitigated.c TIME": [0.48, 0.0], "Run mitigated TIME": [2.1, 0.03], "Run transform_only TIME": [2.12, 0.03], "mitigated_cycle": 141909, "baseline_cycle": 141315, "overhead": 0.004203375437851608, "Total Time": 467.08000000000004, "Wall Clock Time": 14.291319370269775}{"Building goto TIME": [0.07, 0.0], "Analysis TIME": [1.65, 0.0], "Enumerate DS TIME": [778.96, 1.02], "Get transform only TIME": [0.06, 0.0], "Dump transform only TIME": [0.04, 0.0], "Transform TIME": [0.24, 0.0], "Dump instrumented.c TIME": [0.13, 0.0], "Do alignment TIME": [0.01, 0.23], "Combine instrumented.c TIME": [0.0, 0.0], "Compile transform_only TIME": [0.22, 0.0], "Compile mitigated.c TIME": [0.47, 0.0], "Run mitigated TIME": [2.17, 0.03], "Run transform_only TIME": [2.14, 0.03], "mitigated_cycle": 142982, "baseline_cycle": 142141, "overhead": 0.0059166602176711856, "Total Time": 787.47, "Wall Clock Time": 20.388784170150757}{"Compile mitigated.c TIME": [0.45, 0.0], "Run mitigated TIME": [2.11, 0.03], "Run transform_only TIME": [2.13, 0.04], "mitigated_cycle": 142327, "baseline_cycle": 142241, "overhead": 0.0006046076728931883, "Total Time": 4.76, "Wall Clock Time": 0.49811792373657227}{"Compile mitigated.c TIME": [0.48, 0.0], "Run mitigated TIME": [2.16, 0.03], "Run transform_only TIME": [2.09, 0.03], "mitigated_cycle": 142699, "baseline_cycle": 142408, "overhead": 0.0020434245267119825, "Total Time": 4.789999999999999, "Wall Clock Time": 0.4955282211303711}{"Compile mitigated.c TIME": [0.48, 0.0], "Run mitigated TIME": [2.08, 0.03], "Run transform_only TIME": [2.1, 0.02], "mitigated_cycle": 142117, "baseline_cycle": 141700, "overhead": 0.002942836979534227, "Total Time": 4.71, "Wall Clock Time": 0.4976637363433838}{"Compile mitigated.c TIME": [0.26, 0.0], "Run mitigated TIME": [2.14, 0.03], "Run transform_only TIME": [2.13, 0.03], "mitigated_cycle": 142545, "baseline_cycle": 142670, "overhead": -0.0008761477535571599, "Total Time": 4.59, "Wall Clock Time": 0.2839081287384033}{"Compile mitigated.c TIME": [0.23, 0.0], "Run mitigated TIME": [2.16, 0.03], "Run transform_only TIME": [2.15, 0.03], "mitigated_cycle": 142178, "baseline_cycle": 141828, "overhead": 0.0024677778717883633, "Total Time": 4.6, "Wall Clock Time": 0.28269529342651367}{"Compile mitigated.c TIME": [0.25, 0.0], "Run mitigated TIME": [2.14, 0.02], "Run transform_only TIME": [2.2, 0.04], "mitigated_cycle": 142257, "baseline_cycle": 142618, "overhead": -0.0025312372912255116, "Total Time": 4.65, "Wall Clock Time": 0.2830963134765625}{"Compile mitigated.c TIME": [0.25, 0.0], "Run mitigated TIME": [2.12, 0.03], "Run transform_only TIME": [2.17, 0.04], "mitigated_cycle": 142570, "baseline_cycle": 142006, "overhead": 0.003971663169161866, "Total Time": 4.609999999999999, "Wall Clock Time": 0.30716848373413086}{"Compile mitigated.c TIME": [0.27, 0.0], "Run mitigated TIME": [2.28, 0.03], "Run transform_only TIME": [2.1, 0.03], "mitigated_cycle": 142874, "baseline_cycle": 142181, "overhead": 0.004874068968427568, "Total Time": 4.709999999999999, "Wall Clock Time": 0.3024570941925049}{"Do alignment TIME": [0.0, 0.24], "Combine instrumented.c TIME": [0.0, 0.0], "Compile transform_only TIME": [0.21, 0.0], "Compile mitigated.c TIME": [0.42, 0.0], "Run mitigated TIME": [2.22, 0.02], "Run transform_only TIME": [2.12, 0.03], "mitigated_cycle": 147838, "baseline_cycle": 141682, "overhead": 0.04344941488685931, "Total Time": 5.26, "Wall Clock Time": 0.9528725147247314}{"Do alignment TIME": [0.0, 0.23], "Combine instrumented.c TIME": [0.0, 0.0], "Compile transform_only TIME": [0.23, 0.0], "Compile mitigated.c TIME": [0.45, 0.0], "Run mitigated TIME": [2.17, 0.03], "Run transform_only TIME": [2.18, 0.03], "mitigated_cycle": 142892, "baseline_cycle": 141704, "overhead": 0.008383673008524812, "Total Time": 5.32, "Wall Clock Time": 1.0019707679748535}{"Do alignment TIME": [0.0, 0.25], "Combine instrumented.c TIME": [0.0, 0.0], "Compile transform_only TIME": [0.23, 0.0], "Compile mitigated.c TIME": [0.38, 0.0], "Run mitigated TIME": [2.15, 0.04], "Run transform_only TIME": [2.16, 0.02], "mitigated_cycle": 142523, "baseline_cycle": 141796, "overhead": 0.005127083979801969, "Total Time": 5.23, "Wall Clock Time": 0.9461946487426758}{"Run mitigated TIME": [2.09, 0.05], "Run transform_only TIME": [2.1, 0.04], "mitigated_cycle": 142340, "baseline_cycle": 141310, "overhead": 0.007288939211662303, "Total Time": 4.279999999999999, "Wall Clock Time": 7.152557373046875e-07}{"Run mitigated TIME": [2.15, 0.03], "Run transform_only TIME": [2.14, 0.03], "mitigated_cycle": 141698, "baseline_cycle": 142166, "overhead": -0.0032919263396311354, "Total Time": 4.35, "Wall Clock Time": 2.384185791015625e-07}{"Run mitigated TIME": [2.12, 0.03], "Run transform_only TIME": [2.1, 0.02], "mitigated_cycle": 141490, "baseline_cycle": 141984, "overhead": -0.0034792652693261213, "Total Time": 4.27, "Wall Clock Time": 2.384185791015625e-07}{"Run mitigated TIME": [2.14, 0.03], "Run transform_only TIME": [2.09, 0.03], "mitigated_cycle": 142377, "baseline_cycle": 141387, "overhead": 0.007002058180737974, "Total Time": 4.289999999999999, "Wall Clock Time": 4.76837158203125e-07}{"Compile mitigated.c TIME": [0.46, 0.0], "Run mitigated TIME": [2.11, 0.03], "Run transform_only TIME": [2.14, 0.03], "mitigated_cycle": 142590, "baseline_cycle": 142053, "overhead": 0.003780279191569344, "Total Time": 4.77, "Wall Clock Time": 0.4978463649749756}{"Compile mitigated.c TIME": [0.46, 0.0], "Run mitigated TIME": [2.13, 0.02], "Run transform_only TIME": [2.09, 0.02], "mitigated_cycle": 142157, "baseline_cycle": 142703, "overhead": -0.003826128392535546, "Total Time": 4.72, "Wall Clock Time": 0.4941391944885254}{"Compile mitigated.c TIME": [0.46, 0.0], "Run mitigated TIME": [2.13, 0.03], "Run transform_only TIME": [2.18, 0.03], "mitigated_cycle": 142721, "baseline_cycle": 141355, "overhead": 0.009663612889533444, "Total Time": 4.83, "Wall Clock Time": 0.4969820976257324}{"Compile mitigated.c TIME": [0.44, 0.0], "Run mitigated TIME": [2.16, 0.03], "Run transform_only TIME": [2.14, 0.03], "mitigated_cycle": 142049, "baseline_cycle": 141323, "overhead": 0.0051371680476638626, "Total Time": 4.8, "Wall Clock Time": 0.4970736503601074}