{"Building goto TIME": [0.06, 0.0], "Analysis TIME": [756.29, 0.03], "Enumerate DS TIME": [30374.55, 13.63], "Get transform only TIME": [3.0, 0.0], "Dump transform only TIME": [4.19, 0.0], "Transform TIME": [12.92, 0.0], "Dump instrumented.c TIME": [54.69, 0.0], "Do alignment TIME": [0.06, 14.16], "Combine instrumented.c TIME": [0.0, 0.04], "Compile transform_only TIME": [3.3, 0.0], "Compile mitigated.c TIME": [5.09, 0.0], "Run mitigated TIME": [0.77, 0.08], "Run transform_only TIME": [0.77, 0.08], "mitigated_cycle": 166495, "baseline_cycle": 166243, "overhead": 0.0015158532990862774, "Total Time": 31243.709999999995}{"Building goto TIME": [0.06, 0.0], "Analysis TIME": [637.75, 0.05], "Enumerate DS TIME": [36559.89, 22.92], "Get transform only TIME": [2.74, 0.0], "Dump transform only TIME": [3.81, 0.0], "Transform TIME": [11.88, 0.0], "Dump instrumented.c TIME": [49.67, 0.0], "Do alignment TIME": [0.05, 12.65], "Combine instrumented.c TIME": [0.0, 0.03], "Compile transform_only TIME": [2.9, 0.0], "Compile mitigated.c TIME": [4.41, 0.0], "Run mitigated TIME": [0.72, 0.01], "Run transform_only TIME": [0.71, 0.01], "mitigated_cycle": 166763, "baseline_cycle": 167476, "overhead": -0.004257326422890444, "Total Time": 37310.259999999995, "Wall Clock Time": 1167.6598868370056}{"Run mitigated TIME": [2.26, 0.03], "Run transform_only TIME": [2.31, 0.04], "mitigated_cycle": 146787, "baseline_cycle": 146451, "overhead": 0.0022942827293770613, "Total Time": 4.64, "Wall Clock Time": 7.152557373046875e-07}{"Compile transform_only TIME": [3.2, 0.0], "Compile mitigated.c TIME": [4.79, 0.0], "Run mitigated TIME": [2.35, 0.04], "Run transform_only TIME": [2.31, 0.04], "mitigated_cycle": 142300, "baseline_cycle": 142284, "overhead": 0.00011245115402996823, "Total Time": 12.73, "Wall Clock Time": 8.257092475891113}{"Building goto TIME": [0.07, 0.0], "Analysis TIME": [655.95, 0.03], "Enumerate DS TIME": [100628.83, 17.83], "Get transform only TIME": [2.86, 0.0], "Dump transform only TIME": [4.1, 0.0], "Transform TIME": [11.94, 0.0], "Dump instrumented.c TIME": [53.69, 0.0], "Do alignment TIME": [0.06, 12.8], "Combine instrumented.c TIME": [0.0, 0.03], "Compile transform_only TIME": [3.05, 0.0], "Compile mitigated.c TIME": [4.58, 0.0], "Run mitigated TIME": [2.62, 0.05], "Run transform_only TIME": [2.55, 0.05], "mitigated_cycle": 155426, "baseline_cycle": 155303, "overhead": 0.0007920001545366156, "Total Time": 101401.09000000003, "Wall Clock Time": 1917.560070991516}