{"Building goto TIME": [0.04, 0.0], "Analysis TIME": [7.6, 0.0], "Enumerate DS TIME": [4990.44, 3.16], "Get transform only TIME": [0.27, 0.0], "Dump transform only TIME": [0.28, 0.0], "Transform TIME": [1.06, 0.0], "Dump instrumented.c TIME": [1.04, 0.0], "Do alignment TIME": [0.01, 2.13], "Combine instrumented.c TIME": [0.0, 0.01], "Compile transform_only TIME": [1.64, 0.0], "Compile mitigated.c TIME": [1.06, 0.0], "Run mitigated TIME": [0.77, 0.09], "Run transform_only TIME": [0.75, 0.08], "mitigated_cycle": 174451, "baseline_cycle": 157813, "overhead": 0.1054285768599545, "Total Time": 5010.430000000001}{"Building goto TIME": [0.04, 0.0], "Analysis TIME": [6.93, 0.01], "Enumerate DS TIME": [7957.44, 8.74], "Get transform only TIME": [0.22, 0.0], "Dump transform only TIME": [0.22, 0.0], "Transform TIME": [0.99, 0.0], "Dump instrumented.c TIME": [0.99, 0.0], "Do alignment TIME": [0.0, 1.96], "Combine instrumented.c TIME": [0.0, 0.01], "Compile transform_only TIME": [1.49, 0.0], "Compile mitigated.c TIME": [0.95, 0.0], "Run mitigated TIME": [0.71, 0.01], "Run transform_only TIME": [0.73, 0.02], "mitigated_cycle": 173219, "baseline_cycle": 157456, "overhead": 0.10011050706229042, "Total Time": 7981.459999999999, "Wall Clock Time": 108.84187483787537}{"Run mitigated TIME": [2.32, 0.03], "Run transform_only TIME": [2.28, 0.03], "mitigated_cycle": 156427, "baseline_cycle": 142299, "overhead": 0.09928390220591853, "Total Time": 4.659999999999999, "Wall Clock Time": 1.9073486328125e-06}{"Run mitigated TIME": [2.37, 0.03], "Run transform_only TIME": [2.28, 0.05], "mitigated_cycle": 156447, "baseline_cycle": 140857, "overhead": 0.1106796254357256, "Total Time": 4.7299999999999995, "Wall Clock Time": 4.76837158203125e-07}{"Compile transform_only TIME": [1.69, 0.0], "Compile mitigated.c TIME": [1.0, 0.0], "Run mitigated TIME": [2.27, 0.03], "Run transform_only TIME": [2.27, 0.04], "mitigated_cycle": 151323, "baseline_cycle": 140566, "overhead": 0.07652632926881323, "Total Time": 7.300000000000001, "Wall Clock Time": 2.803701877593994}{"Compile transform_only TIME": [2.24, 0.0], "Compile mitigated.c TIME": [1.0, 0.0], "Run mitigated TIME": [2.31, 0.04], "Run transform_only TIME": [2.25, 0.04], "mitigated_cycle": 151360, "baseline_cycle": 140987, "overhead": 0.07357415931965358, "Total Time": 7.88, "Wall Clock Time": 3.3549880981445312}{"Compile transform_only TIME": [2.23, 0.0], "Compile mitigated.c TIME": [0.97, 0.0], "Run mitigated TIME": [2.29, 0.03], "Run transform_only TIME": [2.27, 0.02], "mitigated_cycle": 151541, "baseline_cycle": 140988, "overhead": 0.07485034187306722, "Total Time": 7.81, "Wall Clock Time": 3.343733310699463}{"Compile transform_only TIME": [2.24, 0.0], "Compile mitigated.c TIME": [0.96, 0.0], "Run mitigated TIME": [2.32, 0.04], "Run transform_only TIME": [2.34, 0.04], "mitigated_cycle": 151178, "baseline_cycle": 140593, "overhead": 0.07528824336915778, "Total Time": 7.94, "Wall Clock Time": 3.3585023880004883}{"Compile transform_only TIME": [2.27, 0.0], "Compile mitigated.c TIME": [1.07, 0.0], "Run mitigated TIME": [2.3, 0.03], "Run transform_only TIME": [2.29, 0.04], "mitigated_cycle": 150881, "baseline_cycle": 141142, "overhead": 0.06900143118278046, "Total Time": 8.0, "Wall Clock Time": 3.437325954437256}{"Building goto TIME": [0.05, 0.0], "Analysis TIME": [7.41, 0.0], "Enumerate DS TIME": [9115.22, 7.0], "Get transform only TIME": [0.24, 0.0], "Dump transform only TIME": [0.27, 0.0], "Transform TIME": [0.96, 0.0], "Dump instrumented.c TIME": [1.02, 0.0], "Do alignment TIME": [0.0, 2.17], "Combine instrumented.c TIME": [0.0, 0.0], "Compile transform_only TIME": [2.13, 0.0], "Compile mitigated.c TIME": [0.93, 0.0], "Run mitigated TIME": [2.45, 0.04], "Run transform_only TIME": [2.45, 0.03], "mitigated_cycle": 165193, "baseline_cycle": 154431, "overhead": 0.0696880807609871, "Total Time": 9142.369999999997, "Wall Clock Time": 121.56861972808838}