{"Building goto TIME": [0.05, 0.0], "Analysis TIME": [86.14, 0.01], "Enumerate DS TIME": [5802.79, 3.49], "Get transform only TIME": [0.37, 0.0], "Dump transform only TIME": [0.42, 0.0], "Transform TIME": [2.63, 0.0], "Dump instrumented.c TIME": [5.3, 0.0], "Do alignment TIME": [0.02, 9.02], "Combine instrumented.c TIME": [0.0, 0.01], "Compile transform_only TIME": [1.87, 0.01], "Compile mitigated.c TIME": [4.22, 0.0], "Run mitigated TIME": [2.65, 0.04], "Run transform_only TIME": [2.43, 0.05], "mitigated_cycle": 274519, "baseline_cycle": 172173, "overhead": 0.5944369907012134, "Total Time": 5921.5199999999995, "Wall Clock Time": 390.97194361686707}{"Do alignment TIME": [0.02, 8.91], "Combine instrumented.c TIME": [0.0, 0.01], "Compile transform_only TIME": [1.79, 0.0], "Compile mitigated.c TIME": [4.47, 0.0], "Run mitigated TIME": [2.64, 0.05], "Run transform_only TIME": [2.42, 0.04], "mitigated_cycle": 274352, "baseline_cycle": 171417, "overhead": 0.6004947000589207, "Total Time": 20.35, "Wall Clock Time": 15.493530035018921}{"Building goto TIME": [0.06, 0.0], "Analysis TIME": [79.49, 0.01], "Enumerate DS TIME": [11599.38, 6.74], "Get transform only TIME": [0.42, 0.0], "Dump transform only TIME": [0.48, 0.0], "Transform TIME": [3.15, 0.0], "Dump instrumented.c TIME": [5.86, 0.0], "Do alignment TIME": [0.01, 7.54], "Combine instrumented.c TIME": [0.0, 0.01], "Compile transform_only TIME": [1.98, 0.0], "Compile mitigated.c TIME": [4.92, 0.0], "Run mitigated TIME": [3.04, 0.03], "Run transform_only TIME": [2.77, 0.03], "mitigated_cycle": 278528, "baseline_cycle": 173618, "overhead": 0.6042576230575171, "Total Time": 11715.919999999996, "Wall Clock Time": 471.0887756347656}{"Run mitigated TIME": [2.75, 0.03], "Run transform_only TIME": [2.5, 0.03], "mitigated_cycle": 262135, "baseline_cycle": 159018, "overhead": 0.6484611804952899, "Total Time": 5.31, "Wall Clock Time": 4.76837158203125e-07}{"Run mitigated TIME": [2.77, 0.03], "Run transform_only TIME": [2.53, 0.04], "mitigated_cycle": 260444, "baseline_cycle": 157464, "overhead": 0.6539907534420566, "Total Time": 5.369999999999999, "Wall Clock Time": 9.5367431640625e-07}{"Compile transform_only TIME": [1.97, 0.0], "Compile mitigated.c TIME": [1.67, 0.0], "Run mitigated TIME": [2.66, 0.04], "Run transform_only TIME": [2.5, 0.04], "mitigated_cycle": 240239, "baseline_cycle": 158156, "overhead": 0.5190002276233592, "Total Time": 8.879999999999999, "Wall Clock Time": 3.797039031982422}{"Building goto TIME": [0.06, 0.0], "Analysis TIME": [72.75, 0.01], "Enumerate DS TIME": [11392.76, 6.19], "Get transform only TIME": [0.41, 0.0], "Dump transform only TIME": [0.44, 0.0], "Transform TIME": [2.78, 0.0], "Dump instrumented.c TIME": [4.93, 0.0], "Do alignment TIME": [0.02, 7.22], "Combine instrumented.c TIME": [0.0, 0.01], "Compile transform_only TIME": [2.07, 0.0], "Compile mitigated.c TIME": [1.61, 0.0], "Run mitigated TIME": [2.72, 0.05], "Run transform_only TIME": [2.55, 0.03], "mitigated_cycle": 240467, "baseline_cycle": 157350, "overhead": 0.5282300603749602, "Total Time": 11496.610000000002, "Wall Clock Time": 449.14150619506836}{"Building goto TIME": [0.05, 0.0], "Analysis TIME": [68.78, 0.01], "Enumerate DS TIME": [19087.98, 18.39], "Get transform only TIME": [0.37, 0.0], "Dump transform only TIME": [0.44, 0.0], "Transform TIME": [2.63, 0.0], "Dump instrumented.c TIME": [4.77, 0.0], "Do alignment TIME": [0.02, 7.04], "Combine instrumented.c TIME": [0.0, 0.01], "Compile transform_only TIME": [1.9, 0.0], "Compile mitigated.c TIME": [1.54, 0.0], "Run mitigated TIME": [2.8, 0.05], "Run transform_only TIME": [2.6, 0.04], "mitigated_cycle": 245527, "baseline_cycle": 162074, "overhead": 0.5149067709811568, "Total Time": 19199.42, "Wall Clock Time": 314.1869649887085}