{"Building goto TIME": [0.02, 0.0], "Analysis TIME": [0.1, 0.0], "Enumerate DS TIME": [6.86, 0.06], "Do alignment TIME": [0.0, 0.0], "Generate DIMACS TIME": [0.12, 0.01], "CC": [null, null, 2], "Counting CC TIME": [3.13, 0.0], "Total Time": 10.3}{"Building goto TIME": [0.01, 0.0], "Analysis TIME": [6.58, 0.04], "Enumerate DS TIME": [1030.43, 0.61], "Do alignment TIME": [0.0, 0.09], "Generate DIMACS TIME": [7.66, 0.21], "CC": [null, null, null], "Counting CC TIME": [599.17, 0.02], "Total Time": 1644.8199999999997}{"Building goto TIME": [0.02, 0.0], "Analysis TIME": [0.09, 0.0], "Enumerate DS TIME": [7.93, 0.08], "Do alignment TIME": [0.0, 0.0], "Generate DIMACS TIME": [0.11, 0.01], "CC": [null, null, 2], "Counting CC TIME": [2.73, 0.0], "Total Time": 10.969999999999999, "Wall Clock Time": 3.4882805347442627}{"Building goto TIME": [0.01, 0.0], "Analysis TIME": [0.13, 0.0], "Enumerate DS TIME": [27.43, 0.14], "Do alignment TIME": [0.0, 0.0], "Generate DIMACS TIME": [0.17, 0.01], "CC": [null, null, 4294967296], "Counting CC TIME": [6.66, 0.0], "Total Time": 34.55, "Wall Clock Time": 7.97668194770813}
{"Building goto TIME": [0.01, 0.0], "Analysis TIME": [0.13, 0.0], "Enumerate DS TIME": [27.93, 0.13], "Do alignment TIME": [0.0, 0.0], "Generate DIMACS TIME": [0.17, 0.01], "CC": [null, null, 4294967296], "Counting CC TIME": [6.66, 0.0], "Total Time": 35.04, "Wall Clock Time": 8.01206350326538}
{"Building goto TIME": [0.02, 0.0], "Analysis TIME": [7.21, 0.03], "Enumerate DS TIME": [2010.21, 4.33], "Do alignment TIME": [0.0, 0.06], "Generate DIMACS TIME": [8.99, 0.28], "CC": [null, null, 386051661123868214325895970762095083331216144111904370034983364157543830047598546775742309000849007597326427200921653578548066591998660043462778854257084865420374725869305346230443778499781067545394454342790117394565596548890481374012190543459242928201313126587598361115137891035519604744312911050121319319358268243968], "Counting CC TIME": [995.36, 0.03], "Total Time": 3026.52, "Wall Clock Time": 1042.8467981815338}
