{"Building goto TIME": [0.01, 0.0], "Analysis TIME": [2.94, 0.03], "Enumerate DS TIME": [140.14, 0.13], "Do alignment TIME": [0.0, 0.14], "Generate DIMACS TIME": [7.17, 0.32], "CC": [null, null, 4294967296], "Counting CC TIME": [250.29, 0.02], "Total Time": 401.18999999999994}{"Building goto TIME": [0.04, 0.0], "Analysis TIME": [4.55, 0.03], "Enumerate DS TIME": [127.03, 0.08], "Do alignment TIME": [0.0, 0.08], "Generate DIMACS TIME": [7.11, 0.21], "CC": [null, null, 4294967296], "Counting CC TIME": [158.74, 0.02], "Total Time": 297.89}{"Building goto TIME": [0.04, 0.0], "Analysis TIME": [4.58, 0.04], "Enumerate DS TIME": [127.91, 0.09], "Do alignment TIME": [0.0, 0.08], "Generate DIMACS TIME": [7.1, 0.23], "CC": [null, null, 4294967296], "Counting CC TIME": [158.45, 0.02], "Total Time": 298.54}{"Building goto TIME": [0.02, 0.0], "Analysis TIME": [2.89, 0.03], "Enumerate DS TIME": [625.79, 1.6], "Do alignment TIME": [0.0, 0.06], "Generate DIMACS TIME": [3.71, 0.15], "CC": [null, null, 4294967296], "Counting CC TIME": [159.53, 0.02], "Total Time": 793.8, "Wall Clock Time": 177.30023431777954}{"Building goto TIME": [0.03, 0.0], "Analysis TIME": [6.93, 0.04], "Enumerate DS TIME": [0.0, 0.05], "Do alignment TIME": [0.0, 0.0], "Generate DIMACS TIME": [13.02, 0.42], "CC": [1, null, null], "Counting CC TIME": [0.0, 0.03], "Total Time": 20.52, "Wall Clock Time": 21.229921340942383}{"Building goto TIME": [0.03, 0.0], "Analysis TIME": [6.93, 0.04], "Enumerate DS TIME": [0.0, 0.07], "Do alignment TIME": [0.0, 0.0], "Generate DIMACS TIME": [13.02, 0.44], "CC": [1, 4294967296, 4294967296], "Counting CC TIME": [261.12, 0.1], "Total Time": 281.75, "Wall Clock Time": 282.8686363697052}{"Building goto TIME": [0.04, 0.0], "Analysis TIME": [0.22, 0.0], "Enumerate DS TIME": [0.01, 0.01], "Do alignment TIME": [0.0, 0.0], "Generate DIMACS TIME": [0.36, 0.02], "CC": [1, 8589934592, 8589934592], "Counting CC TIME": [384.93, 0.01], "Total Time": 385.6, "Wall Clock Time": 385.8213601112366}{"Building goto TIME": [0.06, 0.0], "Analysis TIME": [0.94, 0.0], "Enumerate DS TIME": [0.01, 0.01], "Do alignment TIME": [0.0, 0.0], "Generate DIMACS TIME": [1.19, 0.02], "CC": [1, 8589934592, 8589934592], "Counting CC TIME": [21.44, 0.01], "Total Time": 23.680000000000003, "Wall Clock Time": 23.718158721923828}{"Building goto TIME": [0.06, 0.0], "Analysis TIME": [0.94, 0.0], "Enumerate DS TIME": [0.01, 0.02], "Do alignment TIME": [0.0, 0.0], "Generate DIMACS TIME": [1.18, 0.02], "CC": [1, 8589934592, 8589934592], "Counting CC TIME": [21.8, 0.0], "Total Time": 24.03, "Wall Clock Time": 24.28720235824585}{"Building goto TIME": [0.06, 0.0], "Analysis TIME": [0.97, 0.0], "Enumerate DS TIME": [0.0, 4.87], "Do alignment TIME": [0.0, 0.0], "Generate DIMACS TIME": [1.16, 0.02], "CC": [1, 8589934592, 1], "Counting CC TIME": [200.47, 0.2], "Total Time": 207.75, "Wall Clock Time": 212.08473443984985}{"Building goto TIME": [0.06, 0.0], "Analysis TIME": [0.95, 0.0], "Enumerate DS TIME": [0.0, 2.31], "Do alignment TIME": [0.0, 0.0], "Generate DIMACS TIME": [1.18, 0.01], "CC": [1, 2, 2], "Counting CC TIME": [2.22, 0.0], "Total Time": 6.73, "Wall Clock Time": 6.800275564193726}{"Building goto TIME": [0.06, 0.0], "Analysis TIME": [29.74, 0.04], "Enumerate DS TIME": [430.87, 0.19], "Do alignment TIME": [0.0, 0.02], "Generate DIMACS TIME": [36.62, 0.45], "CC": [1, 4294967296, 4294967296], "Counting CC TIME": [270.36, 0.1], "Total Time": 768.45, "Wall Clock Time": 428.24283814430237}{"Building goto TIME": [0.02, 0.0], "Analysis TIME": [4.81, 0.03], "Enumerate DS TIME": [1757.02, 4.2], "Do alignment TIME": [0.0, 0.03], "Generate DIMACS TIME": [6.78, 0.36], "CC": [null, null, 4294967296], "Counting CC TIME": [157.1, 0.02], "Total Time": 1930.37, "Wall Clock Time": 194.79692316055298}
