{"Building goto TIME": [0.02, 0.0], "Analysis TIME": [3.07, 0.03], "Enumerate DS TIME": [75.49, 0.29], "Do alignment TIME": [0.0, 0.03], "Generate DIMACS TIME": [4.26, 0.26], "CC": [null, null, 4294967296], "Counting CC TIME": [514.97, 0.02], "Total Time": 598.44}{"Building goto TIME": [0.03, 0.0], "Analysis TIME": [2.45, 0.03], "Enumerate DS TIME": [43.64, 0.08], "Do alignment TIME": [0.0, 0.02], "Generate DIMACS TIME": [4.88, 0.18], "CC": [null, null, 4294967296], "Counting CC TIME": [219.17, 0.02], "Total Time": 270.5}{"Building goto TIME": [0.03, 0.0], "Analysis TIME": [2.48, 0.02], "Enumerate DS TIME": [43.88, 0.07], "Do alignment TIME": [0.0, 0.02], "Generate DIMACS TIME": [4.82, 0.19], "CC": [null, null, 4294967296], "Counting CC TIME": [218.67, 0.02], "Total Time": 270.2}{"Building goto TIME": [0.02, 0.0], "Analysis TIME": [1.55, 0.02], "Enumerate DS TIME": [335.68, 1.1], "Do alignment TIME": [0.0, 0.02], "Generate DIMACS TIME": [2.22, 0.12], "CC": [null, null, 4294967296], "Counting CC TIME": [220.64, 0.02], "Total Time": 561.39, "Wall Clock Time": 230.59998774528503}{"Building goto TIME": [0.04, 0.0], "Analysis TIME": [3.69, 0.03], "Enumerate DS TIME": [0.0, 0.03], "Do alignment TIME": [0.0, 0.0], "Generate DIMACS TIME": [8.39, 0.35], "CC": [1, null, null], "Counting CC TIME": [0.0, 0.02], "Total Time": 12.549999999999999, "Wall Clock Time": 13.003714561462402}{"Building goto TIME": [0.03, 0.0], "Analysis TIME": [3.7, 0.01], "Enumerate DS TIME": [0.0, 0.03], "Do alignment TIME": [0.0, 0.0], "Generate DIMACS TIME": [8.54, 0.36], "CC": [1, 4294967296, 4294967296], "Counting CC TIME": [266.75, 0.09], "Total Time": 279.51, "Wall Clock Time": 292.22393918037415}{"Building goto TIME": [0.01, 0.0], "Analysis TIME": [2.49, 0.02], "Enumerate DS TIME": [793.32, 2.29], "Do alignment TIME": [0.0, 0.01], "Generate DIMACS TIME": [3.95, 0.29], "CC": [null, null, 4294967296], "Counting CC TIME": [145.97, 0.03], "Total Time": 948.38, "Wall Clock Time": 165.32263159751892}
