{"Building goto TIME": [0.09, 0.0], "Analysis TIME": [3037.8, 0.11], "Enumerate DS TIME": [135485.6, 12.52], "Get transform only TIME": [1.35, 0.0], "Dump transform only TIME": [4.16, 0.0], "Transform TIME": [9.35, 0.0], "Dump instrumented.c TIME": [65.37, 0.0], "Do alignment TIME": [0.05, 26.35], "Combine instrumented.c TIME": [0.0, 0.1], "Compile transform_only TIME": [3.04, 0.0], "Compile mitigated.c TIME": [18.65, 0.47], "Run mitigated TIME": [1.86, 0.33], "Run transform_only TIME": [0.81, 0.04], "mitigated_cycle": 890765, "baseline_cycle": 192396, "overhead": 3.6298519719744693, "Total Time": 138668.05000000002}{"Building goto TIME": [0.1, 0.0], "Analysis TIME": [3375.46, 0.15], "Enumerate DS TIME": [121361.62, 15.93], "Get transform only TIME": [1.38, 0.0], "Dump transform only TIME": [4.33, 0.0], "Transform TIME": [10.04, 0.0], "Dump instrumented.c TIME": [70.09, 0.0], "Do alignment TIME": [0.05, 25.8], "Combine instrumented.c TIME": [0.0, 0.1], "Compile transform_only TIME": [3.2, 0.0], "Compile mitigated.c TIME": [18.94, 0.28], "Run mitigated TIME": [5.7, 0.8], "Run transform_only TIME": [2.64, 0.18], "mitigated_cycle": 895084, "baseline_cycle": 198407, "overhead": 3.5113529260560363, "Total Time": 124896.79000000001, "Wall Clock Time": 7316.918737411499}{"Run mitigated TIME": [5.6, 0.84], "Run transform_only TIME": [2.58, 0.19], "mitigated_cycle": 879378, "baseline_cycle": 191747, "overhead": 3.5861369408647854, "Total Time": 9.209999999999999, "Wall Clock Time": 1.430511474609375e-06}{"Compile transform_only TIME": [4.18, 0.0], "Compile mitigated.c TIME": [19.73, 0.28], "Run mitigated TIME": [5.6, 0.88], "Run transform_only TIME": [2.53, 0.17], "mitigated_cycle": 878886, "baseline_cycle": 191011, "overhead": 3.601232389757658, "Total Time": 33.370000000000005, "Wall Clock Time": 24.660320281982422}{"Building goto TIME": [0.11, 0.0], "Analysis TIME": [2623.7, 0.06], "Enumerate DS TIME": [97908.4, 9.34], "Get transform only TIME": [2.43, 0.0], "Dump transform only TIME": [12.42, 0.0], "Transform TIME": [10.87, 0.0], "Dump instrumented.c TIME": [129.26, 0.0], "Do alignment TIME": [0.08, 37.09], "Combine instrumented.c TIME": [0.0, 0.06], "Compile transform_only TIME": [10.71, 0.0], "Compile mitigated.c TIME": [22.84, 0.21], "Run mitigated TIME": [4.94, 0.89], "Run transform_only TIME": [2.56, 0.16], "mitigated_cycle": 826524, "baseline_cycle": 186457, "overhead": 3.432786111543144, "Total Time": 100776.12999999998, "Wall Clock Time": 5917.62926530838}{"Building goto TIME": [0.1, 0.0], "Analysis TIME": [2328.35, 0.05], "Enumerate DS TIME": [80774.03, 32.67], "Get transform only TIME": [2.27, 0.0], "Dump transform only TIME": [12.11, 0.0], "Transform TIME": [9.99, 0.0], "Dump instrumented.c TIME": [120.58, 0.0], "Do alignment TIME": [0.07, 36.49], "Combine instrumented.c TIME": [0.0, 0.06], "Compile transform_only TIME": [9.53, 0.01], "Compile mitigated.c TIME": [20.92, 0.21], "Run mitigated TIME": [4.92, 0.82], "Run transform_only TIME": [2.66, 0.18], "mitigated_cycle": 825942, "baseline_cycle": 204701, "overhead": 3.0348703719082954, "Total Time": 83356.02, "Wall Clock Time": 3546.4110758304596}{"Building goto TIME": [0.11, 0.0], "Analysis TIME": [2913.42, 0.04], "Enumerate DS TIME": [83561.72, 28.3], "Get transform only TIME": [2.08, 0.0], "Dump transform only TIME": [2.74, 0.0], "Transform TIME": [8.72, 0.0], "Dump instrumented.c TIME": [41.71, 0.0], "Do alignment TIME": [0.06, 32.68], "Combine instrumented.c TIME": [0.0, 0.03], "Compile transform_only TIME": [4.4, 0.01], "Compile mitigated.c TIME": [26.5, 0.07], "Run mitigated TIME": [4.38, 0.86], "Run transform_only TIME": [2.61, 0.14], "mitigated_cycle": 667995, "baseline_cycle": 178517, "overhead": 2.74191253494065, "Total Time": 86630.58000000005, "Wall Clock Time": 5174.915622711182}